Automaker,Genmodel,Genmodel_ID
AC,Cobra,11
Abarth,124 Spider,21
Abarth,500,22
Abarth,500C,23
Abarth,595,24
Abarth,595C,25
Abarth,695,26
Abarth,695C,27
Abarth,Grande Punto,28
Abarth,Punto Evo,29
Aixam,Crossline,31
Aixam,400,32
Aixam,500,33
Aixam,a751,34
Aixam,coupe,35
Aixam,crossover,36
Aixam,mega,37
Aixam,scouty,38
Alfa Romeo,147,41
Alfa Romeo,156,42
Alfa Romeo,156 Sportwagon,43
Alfa Romeo,159,44
Alfa Romeo,159 Sportwagon,45
Alfa Romeo,166,46
Alfa Romeo,4C,47
Alfa Romeo,8C,48
Alfa Romeo,Brera,49
Alfa Romeo,Giulia,410
Alfa Romeo,Giulietta,411
Alfa Romeo,GT,412
Alfa Romeo,GTV,413
Alfa Romeo,MiTo,414
Alfa Romeo,Spider,415
Alfa Romeo,Stelvio,416
Alfa Romeo,SZ,417
Alfa Romeo,33,418
Ariel,Atom,51
Aston Martin,Cygnet,61
Aston Martin,DB11,62
Aston Martin,DB7,63
Aston Martin,DB9,64
Aston Martin,DBS,65
Aston Martin,Rapide,66
Aston Martin,Rapide S,67
Aston Martin,Vanquish,68
Aston Martin,Vantage,69
Aston Martin,Virage,610
Aston Martin,Vulcan,611
Aston Martin,DB5,612
Audi,A1,71
Audi,A2,72
Audi,A3,73
Audi,A3 Cabriolet,74
Audi,A4,75
Audi,A4 Allroad,76
Audi,A4 Avant,77
Audi,A4 Cabriolet,78
Audi,A5,79
Audi,A5 Cabriolet,710
Audi,A6,711
Audi,A7,715
Audi,A8,716
Audi,Allroad,717
Audi,Q2,718
Audi,Q3,719
Audi,Q5,720
Audi,Q7,721
Audi,quattro,722
Audi,R8,723
Audi,RS Q3,724
Audi,RS3,725
Audi,RS4,726
Audi,RS4 Avant,727
Audi,RS4 Cabriolet,728
Audi,RS4 Saloon,729
Audi,RS5,730
Audi,RS6,731
Audi,RS6 Avant,732
Audi,RS7,733
Audi,S1,734
Audi,S3,735
Audi,S4,736
Audi,S4 Avant,737
Audi,S4 Cabriolet,738
Audi,S5,739
Audi,S6 Avant,740
Audi,S6 Saloon,741
Audi,S7,742
Audi,S8,743
Audi,SQ5,744
Audi,SQ7,745
Audi,TT,746
Audi,TT RS,747
Audi,TTS,748
Audi,Q8,749
Audi,SQ2,750
Audi,E-TRON,751
BMW,1 Series,81
BMW,2 Series,82
BMW,2 Series Active Tourer,83
BMW,2 Series Gran Tourer,84
BMW,3 Series,85
BMW,3 Series Gran Turismo,86
BMW,4 Series,87
BMW,4 Series Gran Coupe,88
BMW,5 Series,89
BMW,5 Series Gran Turismo,810
BMW,6 Series,811
BMW,6 Series Gran Coupe,812
BMW,6 Series Gran Turismo,813
BMW,7 Series,814
BMW,Alpina B10,815
BMW,Alpina B3,816
BMW,Alpina B3 Bi-Turbo,817
BMW,Alpina B5,818
BMW,Alpina B6,819
BMW,Alpina D3,820
BMW,Alpina D3 Bi-Turbo,821
BMW,Alpina D4,822
BMW,Alpina D5 Bi-Turbo,823
BMW,Alpina Roadster,824
BMW,Alpina Unspecified Models,825
BMW,Alpina Xd3 Bi-Turbo,826
BMW,i3,827
BMW,i8,828
BMW,M2,829
BMW,M3,830
BMW,M4,831
BMW,M5,832
BMW,M6,833
BMW,M6 Gran Coupe,834
BMW,X1,835
BMW,X2,836
BMW,X3,837
BMW,X4,838
BMW,X5,839
BMW,X5M,840
BMW,X6,841
BMW,X6M,842
BMW,Z3,843
BMW,Z3M,844
BMW,Z4,845
BMW,Z4M,846
BMW,Z8,847
BMW,M1,848
BMW,8 Series,849
BMW,X7,850
Bac,Mono,91
Bentley,Arnage,101
Bentley,Azure,102
Bentley,Bentayga,103
Bentley,Brooklands,104
Bentley,Continental,105
Bentley,Flying Spur,106
Bentley,Mulsanne,107
Bentley,Series I,108
Bristol,Fighter,111
Brooke,Double R,121
Bugatti,Veyron,131
Cadillac,BLS,141
Cadillac,CTS,142
Cadillac,Escalade,143
Cadillac,SRX,144
Cadillac,STS,145
Caterham,Seven,151
Chevrolet,Astro,161
Chevrolet,Aveo,162
Chevrolet,Blazer,163
Chevrolet,Camaro,164
Chevrolet,Captiva,165
Chevrolet,Corvette,166
Chevrolet,Cruze,167
Chevrolet,Epica,168
Chevrolet,Impala,169
Chevrolet,Kalos,1610
Chevrolet,Lacetti,1611
Chevrolet,Matiz,1612
Chevrolet,Orlando,1613
Chevrolet,Spark,1614
Chevrolet,Ssr,1615
Chevrolet,Tacuma,1616
Chevrolet,Tahoe,1617
Chevrolet,Trax,1618
Chevrolet,Volt,1619
Chrysler,300C,171
Chrysler,Crossfire,172
Chrysler,Delta,173
Chrysler,Grand Voyager,174
Chrysler,Neon,175
Chrysler,Prowler,176
Chrysler,PT Cruiser,177
Chrysler,Sebring,178
Chrysler,Voyager,179
Chrysler,Ypsilon,1710
Citroen,2 CV,181
Citroen,Berlingo,182
Citroen,Berlingo Multispace,183
Citroen,C-Crosser,184
Citroen,C-Zero,185
Citroen,C1,186
Citroen,C2,187
Citroen,C3,188
Citroen,C3 Aircross,189
Citroen,C3 Picasso,1810
Citroen,C3 Pluriel,1811
Citroen,C4,1812
Citroen,C4 Cactus,1813
Citroen,C4 Picasso,1814
Citroen,C5,1815
Citroen,C6,1816
Citroen,C8,1817
Citroen,Dispatch,1818
Citroen,Grand C4 Picasso,1824
Citroen,Nemo Multispace,1825
Citroen,Saxo,1826
Citroen,SpaceTourer,1827
Citroen,Synergie,1828
Citroen,Xsara,1829
Citroen,Xsara Picasso,1830
Citroen,Xantia,1831
Corvette,C6,191
Corvette,C7,192
Corvette,Stingray,193
DAX,Tojeiro,201
DS,3,211
DS,3 Cabrio,212
DS,4,213
DS,4 Crossback,214
DS,5,215
DS,7,216
Dacia,Duster,221
Dacia,Logan MCV,222
Dacia,Sandero,223
Dacia,Sandero Stepway,224
Daewoo,Kalos,231
Daewoo,Lacetti,232
Daewoo,Matiz,233
Daewoo,Nubira,234
Daewoo,Tacuma,235
Daewoo,Lanos,236
Daewoo,Leganza,237
Daewoo,Musso,238
Daihatsu,Atrai 7,241
Daihatsu,Charade,242
Daihatsu,Copen,243
Daihatsu,Cuore,244
Daihatsu,Fourtrak,245
Daihatsu,Materia,246
Daihatsu,Sirion,247
Daihatsu,Terios,248
Daihatsu,YRV,249
Daimler,Super Eight,251
Daimler,XJ Series,252
Dodge,Avenger,261
Dodge,Caliber,262
Dodge,Challenger,263
Dodge,Charger,264
Dodge,Journey,265
Dodge,Nitro,266
Dodge,RAM,267
Ferrari,308,271
Ferrari,360,272
Ferrari,430,273
Ferrari,456,274
Ferrari,456M,275
Ferrari,458,276
Ferrari,488,277
Ferrari,550,278
Ferrari,575M,279
Ferrari,599,2710
Ferrari,612,2711
Ferrari,812 Superfast,2712
Ferrari,California,2713
Ferrari,Dino,2714
Ferrari,Enzo,2715
Ferrari,F12berlinetta,2716
Ferrari,F355,2717
Ferrari,F430,2718
Ferrari,FF,2719
Ferrari,Gtc4lusso,2720
Ferrari,Laferrari,2721
Ferrari,Scuderia Spider,2722
Ferrari,Portofino,2723
Fiat,124 Spider,281
Fiat,500,282
Fiat,500C,283
Fiat,500L,284
Fiat,500X,285
Fiat,850,286
Fiat,Abarth,287
Fiat,Barchetta,288
Fiat,Brava,289
Fiat,Bravo,2810
Fiat,Croma,2811
Fiat,Doblo,2812
Fiat,Fiorino,2813
Fiat,Fullback,2814
Fiat,Grande Punto,2815
Fiat,Idea,2816
Fiat,Multipla,2817
Fiat,Panda,2818
Fiat,Punto,2819
Fiat,Punto Evo,2820
Fiat,Qubo,2821
Fiat,Scudo,2822
Fiat,Sedici,2823
Fiat,Seicento,2824
Fiat,Spider,2825
Fiat,Stilo,2826
Fiat,Talento,2827
Fiat,Tipo,2828
Fiat,Ulysse,2829
Fiat,Marea,2830
Ford,B-Max,291
Ford,C-Max,292
Ford,Cougar,293
Ford,EcoSport,294
Ford,Edge,295
Ford,Escape,296
Ford,Escort,297
Ford,Expedition,298
Ford,Explorer,299
Ford,F1,2910
Ford,F150,2911
Ford,F250,2912
Ford,Fiesta,2913
Ford,Focus,2914
Ford,Focus C-Max,2915
Ford,Focus CC,2916
Ford,Freda,2917
Ford,Fusion,2918
Ford,Galaxy,2919
Ford,Grand C-Max,2920
Ford,Grand Tourneo Connect,2921
Ford,GT,2922
Ford,Ka,2923
Ford,Ka+,2924
Ford,Kuga,2925
Ford,Maverick,2926
Ford,Mondeo,2927
Ford,Mustang,2928
Ford,Puma,2929
Ford,Ranger,2930
Ford,S-Max,2931
Ford,Streetka,2932
Ford,Thames,2933
Ford,Tourneo Connect,2934
Ford,Tourneo Custom,2935
Ford,Transit Connect,2936
Ford,Transit Courier,2937
Ford,Transit Custom,2938
Ford,Tourneo Courier,2939
Ford,Freedom,2940
Ford,Independence,2941
GMC,Sierra,301
GMC,Yukon,302
Ginetta,G40R,311
Great Wall,Steed,321
Grinnall,Scorpion,331
Honda,Accord,341
Honda,Civic,342
Honda,CR-V,343
Honda,CR-Z,344
Honda,Element,345
Honda,Elysion,346
Honda,FR-V,347
Honda,HR-V,348
Honda,Insight,349
Honda,Integra,3410
Honda,Jazz,3411
Honda,Legend,3412
Honda,NSX,3413
Honda,Odyssey,3414
Honda,S-Mx,3415
Honda,S2000,3416
Honda,Stepwagon,3417
Honda,Stream,3418
Honda,Prelude,3419
Hummer,H1,351
Hummer,H2,352
Hummer,H3,353
Hyundai,Accent,361
Hyundai,Amica,362
Hyundai,Coupe,363
Hyundai,Elantra,364
Hyundai,Genesis,365
Hyundai,Getz,366
Hyundai,Grandeur,367
Hyundai,i10,368
Hyundai,i20,369
Hyundai,i30,3610
Hyundai,I30 N,3611
Hyundai,i40,3612
Hyundai,i800,3613
Hyundai,Ioniq,3614
Hyundai,ix20,3615
Hyundai,ix35,3616
Hyundai,Kona,3617
Hyundai,Matrix,3618
Hyundai,S-Coupe,3619
Hyundai,Santa Fe,3620
Hyundai,Sonata,3621
Hyundai,Terracan,3622
Hyundai,Trajet,3623
Hyundai,Tucson,3624
Hyundai,Veloster,3625
Hyundai,XG30,3626
Infiniti,EX,371
Infiniti,FX,372
Infiniti,G,373
Infiniti,M,374
Infiniti,Q30,375
Infiniti,Q50,376
Infiniti,Q60,377
Infiniti,Q70,378
Infiniti,QX30,379
Infiniti,QX50,3710
Infiniti,QX70,3711
Infiniti,Vettel,3712
Isuzu,Bighorn,381
Isuzu,D-Max,382
Isuzu,Rodeo,383
Isuzu,Trooper,384
Jaguar,E-PACE,391
Jaguar,F-PACE,392
Jaguar,F-Type,393
Jaguar,S-Type,394
Jaguar,X-Type,395
Jaguar,XE,396
Jaguar,XF,397
Jaguar,XJ,398
Jaguar,XK,399
Jaguar,XK8,3910
Jaguar,XKR,3911
Jaguar,XKR-S,3912
Jaguar,I-PACE,3913
Jaguar,EAGLE,3914
Jeep,Cherokee,401
Jeep,Commander,402
Jeep,Compass,403
Jeep,Grand Cherokee,404
Jeep,Patriot,405
Jeep,Renegade,406
Jeep,Wrangler,407
Jensen,GT,411
KTM,X-Bow,421
Kia,Carens,431
Kia,'Cee''d',432
Kia,Cerato,433
Kia,Magentis,434
Kia,Niro,435
Kia,Optima,436
Kia,Picanto,437
Kia,'Pro_Cee''d',438
Kia,Rio,439
Kia,Sedona,4310
Kia,Sorento,4311
Kia,Soul,4312
Kia,Sportage,4313
Kia,Stinger,4314
Kia,Stonic,4315
Kia,Venga,4316
Kia,Sephia,4317
Kia,Soul EV,4318
Kia,Xceed,4319
Koenigsegg,Ccx,441
Lamborghini,Aventador,451
Lamborghini,Diablo,452
Lamborghini,Gallardo,453
Lamborghini,Huracan,454
Lamborghini,Murcielago,455
Lancia,Ypsilon,461
Land Rover,110,471
Land Rover,Defender 110,472
Land Rover,Defender 130,473
Land Rover,Defender 90,474
Land Rover,Defender Unspecified,475
Land Rover,Discovery,476
Land Rover,Discovery 2,477
Land Rover,Discovery 3,478
Land Rover,Discovery 4,479
Land Rover,Discovery Sport,4710
Land Rover,Freelander,4711
Land Rover,Freelander 2,4712
Land Rover,Range Rover,4713
Land Rover,Range Rover Evoque,4714
Land Rover,Range Rover Sport,4715
Land Rover,Range Rover Velar,4716
Land Rover,Series III,4717
Lexus,CT,481
Lexus,GS,482
Lexus,IS,488
Lexus,LC,4814
Lexus,LS,4815
Lexus,NX,4818
Lexus,RC,4821
Lexus,RX,4824
Lexus,SC,4830
Lexus,UX,4831
Lexus,ES,4832
Lincoln,Navigator,491
Lincoln,Town Car,492
London Taxis International,TX4,501
London Taxis International,Txi,502
London Taxis International,Txii,503
Lotus,2-Eleven,511
Lotus,3-Eleven,512
Lotus,Elise,513
Lotus,Elise S,514
Lotus,Esprit,515
Lotus,Evora,516
Lotus,Exige,517
MEV,Exocet,521
MG,GS,531
MG,MG3,532
MG,MG6,533
MG,MGF,534
MG,TF,535
MG,ZR,536
MG,ZS,537
MG,ZT,538
MG,ZT-T,539
MG,XS,5310
MINI,Clubman,541
MINI,Clubvan,542
MINI,Convertible,543
MINI,Countryman,544
MINI,Coupe,545
MINI,Hatch,546
MINI,Paceman,547
MINI,Roadster,548
MINI,John Cooper Works,549
MINI,Cooper s,5410
MINI,Unspecified,5411
Maserati,3200,551
Maserati,4200,552
Maserati,Cambiocorsa,553
Maserati,Coupe,554
Maserati,Ghibli,555
Maserati,GranCabrio,556
Maserati,Gransport,557
Maserati,Granturismo,558
Maserati,Levante,559
Maserati,Quattroporte,5510
Maserati,Spyder,5511
Maybach,57,561
Maybach,62,562
Mazda,323,571
Mazda,626,572
Mazda,B2500,573
Mazda,Bongo,574
Mazda,BT-50,575
Mazda,CX-3,576
Mazda,CX-5,577
Mazda,CX-7,578
Mazda,Demio,579
Mazda,Mazda2,5710
Mazda,Mazda3,5711
Mazda,Mazda5,5712
Mazda,Mazda6,5713
Mazda,MPV,5714
Mazda,MX-5,5715
Mazda,MX-5 RF,5716
Mazda,Premacy,5717
Mazda,RX-8,5718
Mazda,Tribute,5719
McLaren,12C,581
McLaren,540C,582
McLaren,570GT,583
McLaren,570S,584
McLaren,650S,585
McLaren,675LT,586
McLaren,720S,587
McLaren,P1,588
McLaren,600LT,589
Mercedes-Benz,200,591
Mercedes-Benz,220,592
Mercedes-Benz,230,593
Mercedes-Benz,250,594
Mercedes-Benz,320,595
Mercedes-Benz,350,596
Mercedes-Benz,500,597
Mercedes-Benz,A Class,598
Mercedes-Benz,AMG,599
Mercedes-Benz,Amg Gt,5910
Mercedes-Benz,B Class,5911
Mercedes-Benz,C Class,5912
Mercedes-Benz,Citan,5913
Mercedes-Benz,Citan Traveliner,5914
Mercedes-Benz,CL,5915
Mercedes-Benz,CLA Class,5916
Mercedes-Benz,CLC Class,5917
Mercedes-Benz,CLK,5918
Mercedes-Benz,CLS,5919
Mercedes-Benz,E Class,5920
Mercedes-Benz,G Class,5921
Mercedes-Benz,GL Class,5922
Mercedes-Benz,GLA Class,5923
Mercedes-Benz,GLC Class,5924
Mercedes-Benz,GLE Class,5925
Mercedes-Benz,GLS Class,5926
Mercedes-Benz,M Class,5927
Mercedes-Benz,R Class,5928
Mercedes-Benz,S Class,5929
Mercedes-Benz,SL Class,5930
Mercedes-Benz,SLC,5931
Mercedes-Benz,SLK,5932
Mercedes-Benz,SLR McLaren,5933
Mercedes-Benz,SLS,5934
Mercedes-Benz,Sprinter,5935
Mercedes-Benz,V Class,5936
Mercedes-Benz,Vaneo,5937
Mercedes-Benz,Viano,5938
Mercedes-Benz,Vito,5939
Mercedes-Benz,X Class,5940
Messerschmitt,KR200,601
Microcar,M.GO,611
Microcar,M,612
Mitsubishi,ASX,621
Mitsubishi,Carisma,622
Mitsubishi,Colt,623
Mitsubishi,Colt Cabriolet,624
Mitsubishi,Colt Space Star,625
Mitsubishi,Delica,626
Mitsubishi,Eclipse Cross,627
Mitsubishi,FTO,628
Mitsubishi,Galant,629
Mitsubishi,Grandis,6210
Mitsubishi,Gto,6211
Mitsubishi,i,6212
Mitsubishi,L200,6213
Mitsubishi,Lancer,6214
Mitsubishi,Mirage,6215
Mitsubishi,Outlander,6216
Mitsubishi,Pajero,6217
Mitsubishi,Shogun,6218
Mitsubishi,Shogun Pinin,6219
Mitsubishi,Shogun Sport,6220
Mitsubishi,Space Star,6221
Mitsubishi,Space Wagon,6222
Morgan,4,631
Morgan,Aero,632
Morgan,Plus 4,633
Morgan,Plus 8,634
Morgan,Roadster,635
Nissan,350 Z,641
Nissan,370 Z,642
Nissan,Almera,643
Nissan,Almera Tino,644
Nissan,Cube,645
Nissan,Cubic,646
Nissan,e-NV200,647
Nissan,Elgrand,648
Nissan,eNV200 Evalia,649
Nissan,Fairlady,6410
Nissan,Figaro,6411
Nissan,Gloria,6412
Nissan,GT-R,6413
Nissan,Juke,6414
Nissan,Largo,6415
Nissan,Leaf,6416
Nissan,Micra,6417
Nissan,Micra C+C,6418
Nissan,Murano,6419
Nissan,Navara,6420
Nissan,Note,6421
Nissan,NV200,6422
Nissan,NV300,6423
Nissan,Pathfinder,6424
Nissan,Patrol,6425
Nissan,Patrol GR,6426
Nissan,Pickup,6427
Nissan,Pixo,6428
Nissan,President,6429
Nissan,Primastar,6430
Nissan,Primera,6431
Nissan,Pulsar,6432
Nissan,Qashqai,6433
Nissan,Qashqai+2,6434
Nissan,Serena,6435
Nissan,Skyline,6436
Nissan,Stagea,6437
Nissan,Terrano,6438
Nissan,Terrano II,6439
Nissan,Tiida,6440
Nissan,X-Trail,6441
Noble,M12,651
Noble,M600,652
Opel,Astra,661
Opel,Insignia,662
Opel,Zafira,663
Pagani,Huayra,671
Perodua,Kelisa,681
Perodua,Myvi,682
Perodua,Kenari,683
Peugeot,1007,691
Peugeot,106,692
Peugeot,107,693
Peugeot,108,694
Peugeot,2008,695
Peugeot,206,696
Peugeot,206 CC,697
Peugeot,206 SW,698
Peugeot,207,699
Peugeot,207 CC,6910
Peugeot,207 SW,6911
Peugeot,208,6912
Peugeot,3008,6913
Peugeot,306,6914
Peugeot,307,6915
Peugeot,307 CC,6916
Peugeot,307 SW,6917
Peugeot,308,6918
Peugeot,308 CC,6919
Peugeot,308 SW,6920
Peugeot,4007,6921
Peugeot,406,6922
Peugeot,407,6923
Peugeot,407 SW,6924
Peugeot,5008,6925
Peugeot,508,6926
Peugeot,508 SW,6927
Peugeot,607,6928
Peugeot,807,6929
Peugeot,Bipper Tepee,6930
Peugeot,Expert,6931
Peugeot,Expert Tepee,6932
Peugeot,iOn,6933
Peugeot,Partner,6934
Peugeot,Partner Tepee,6935
Peugeot,RCZ,6936
Peugeot,Traveller,6937
Peugeot,806,6938
Peugeot,Partner Combi,6939
Peugeot,Expert Combi,6940
Peugeot,Boxer,6941
Peugeot,Rifter,6942
Peugeot,Independence,6943
Pilgrim,3000,701
Porsche,356,711
Porsche,718 Boxster,712
Porsche,718 Cayman,713
Porsche,911,714
Porsche,918,715
Porsche,Boxster,716
Porsche,Carrera Gt,717
Porsche,Cayenne,718
Porsche,Cayman,719
Porsche,Macan,7110
Porsche,Panamera,7111
Proton,GEN-2,721
Proton,Impian,722
Proton,Jumbuck,723
Proton,Persona,724
Proton,Satria Neo,725
Proton,Savvy,726
Proton,Wira,727
Radical,SR3,731
Raw,Falcrum,741
Renault,Captur,751
Renault,Clio,752
Renault,Espace,753
Renault,Fluence,754
Renault,Grand Espace,755
Renault,Grand Modus,756
Renault,Grand Scenic,757
Renault,Kadjar,758
Renault,Kangoo,759
Renault,Koleos,7510
Renault,Laguna,7511
Renault,Megane,7512
Renault,Modus,7513
Renault,Scenic,7514
Renault,Scenic RX4,7515
Renault,Scenic Xmod,7516
Renault,Trafic,7517
Renault,Twingo,7518
Renault,Twizy,7519
Renault,Vel Satis,7520
Renault,Wind,7521
Renault,Zoe,7522
Renault,Master,7523
Reva,G-Wiz,761
Rolls-Royce,Corniche,771
Rolls-Royce,Dawn,772
Rolls-Royce,Ghost,773
Rolls-Royce,Phantom,774
Rolls-Royce,Silver Seraph,775
Rolls-Royce,Wraith,776
Rover,25,781
Rover,45,782
Rover,75,783
Rover,75 Tourer,784
Rover,City Rover,785
Rover,Mini,786
Rover,Streetwise,787
Rover,600,788
SEAT,Alhambra,791
SEAT,Altea,792
SEAT,Altea XL,793
SEAT,Arona,794
SEAT,Arosa,795
SEAT,Ateca,796
SEAT,Cordoba,797
SEAT,Exeo,798
SEAT,Ibiza,799
SEAT,Leon,7910
SEAT,Mii,7911
SEAT,Toledo,7912
SEAT,Tarraco,7913
SKODA,Citigo,801
SKODA,Fabia,802
SKODA,Karoq,803
SKODA,Kodiaq,804
SKODA,Octavia,805
SKODA,Rapid,806
SKODA,Rapid Spaceback,807
SKODA,Roomster,808
SKODA,Superb,809
SKODA,Yeti,8010
SKODA,Felicia,8011
SKODA,Scala,8012
Saab,9-3,811
Saab,9-3X,812
Saab,9-5,813
Santana,PS10,821
Sebring,SX,831
Smart,forfour,841
Smart,fortwo,842
Smart,Roadster,843
Ssangyong,Korando,851
Ssangyong,Korando Sports,852
Ssangyong,Kyron,853
Ssangyong,Musso,854
Ssangyong,Rexton,855
Ssangyong,Rodius,856
Ssangyong,Tivoli,857
Ssangyong,Tivoli XLV,858
Ssangyong,Turismo,859
Subaru,BRZ,861
Subaru,Forester,862
Subaru,Impreza,863
Subaru,Justy,864
Subaru,Legacy,865
Subaru,Levorg,866
Subaru,Outback,867
Subaru,Sambar,868
Subaru,Tribeca,869
Subaru,WRX STI,8610
Subaru,XV,8611
Suzuki,Alto,871
Suzuki,Baleno,872
Suzuki,Celerio,873
Suzuki,Grand Vitara,874
Suzuki,Ignis,875
Suzuki,Jimny,876
Suzuki,Kizashi,877
Suzuki,Liana,878
Suzuki,Splash,879
Suzuki,Swift,8710
Suzuki,SX4,8711
Suzuki,SX4 S-Cross,8712
Suzuki,Vitara,8713
Suzuki,Wagon R,8714
TVR,Cerbera,881
TVR,Sagaris,882
TVR,T350,883
TVR,Tuscan,884
Tata,Safari,891
Tesla,Model S,901
Tesla,Model X,902
Tesla,Model 3,903
Tiger,Avon,911
Tiger,Super Six,912
Toyota,4-Runner,921
Toyota,Alphard,922
Toyota,Auris,923
Toyota,Avensis,924
Toyota,Avensis Verso,925
Toyota,AYGO,926
Toyota,BB,927
Toyota,C-HR,928
Toyota,Camry,929
Toyota,Celica,9210
Toyota,Corolla,9211
Toyota,Corolla Verso,9212
Toyota,Emina,9213
Toyota,Estima,9214
Toyota,Fj Cruiser,9215
Toyota,Granvia,9216
Toyota,GT86,9217
Toyota,HiAce,9218
Toyota,Hilux,9219
Toyota,iQ,9220
Toyota,Land Cruiser,9221
Toyota,Land Cruiser Amazon,9222
Toyota,Land Cruiser Colorado,9223
Toyota,Lucida,9224
Toyota,MR2,9225
Toyota,Noah,9226
Toyota,Picnic,9227
Toyota,Prado,9228
Toyota,Previa,9229
Toyota,Prius,9230
Toyota,Prius+,9231
Toyota,Proace,9232
Toyota,PROACE Verso,9233
Toyota,RAV4,9234
Toyota,Soarer,9235
Toyota,Starlet,9236
Toyota,Supra,9237
Toyota,Surf,9238
Toyota,Urbancruiser,9239
Toyota,Verso,9240
Toyota,Verso S,9241
Toyota,Voxy,9242
Toyota,Wish,9243
Toyota,Yaris,9244
Toyota,Yaris Verso,9245
Ultima,Can-Am,931
Vauxhall,ADAM,941
Vauxhall,Agila,942
Vauxhall,Ampera,943
Vauxhall,Antara,944
Vauxhall,Astra,945
Vauxhall,Astra GTC,946
Vauxhall,Cascada,947
Vauxhall,Combo Tour,948
Vauxhall,Corsa,949
Vauxhall,Crossland X,9410
Vauxhall,Frontera,9411
Vauxhall,Grandland X,9412
Vauxhall,Insignia,9413
Vauxhall,Meriva,9414
Vauxhall,Mokka,9415
Vauxhall,Mokka X,9416
Vauxhall,Monaro,9417
Vauxhall,Movano,9418
Vauxhall,Omega,9419
Vauxhall,Signum,9420
Vauxhall,Tigra,9421
Vauxhall,Vectra,9422
Vauxhall,Viva,9423
Vauxhall,Vivaro,9424
Vauxhall,VX220,9425
Vauxhall,VXR8,9426
Vauxhall,Zafira,9427
Vauxhall,Zafira Tourer,9428
Volkswagen,Amarok,951
Volkswagen,Arteon,952
Volkswagen,Beetle,953
Volkswagen,Bora,954
Volkswagen,Caddy,955
Volkswagen,Caddy Life,956
Volkswagen,Caddy Maxi,957
Volkswagen,Caddy Maxi Life,958
Volkswagen,California,959
Volkswagen,Campervan,9510
Volkswagen,Caravelle,9511
Volkswagen,CC,9512
Volkswagen,Eos,9513
Volkswagen,Fox,9514
Volkswagen,Golf,9515
Volkswagen,Golf Plus,9516
Volkswagen,Golf SV,9517
Volkswagen,Jetta,9518
Volkswagen,Lupo,9519
Volkswagen,Passat,9520
Volkswagen,Phaeton,9521
Volkswagen,Polo,9522
Volkswagen,Scirocco,9523
Volkswagen,Sharan,9524
Volkswagen,T-Roc,9525
Volkswagen,Tiguan,9526
Volkswagen,Tiguan Allspace,9527
Volkswagen,Touareg,9528
Volkswagen,Touran,9529
Volkswagen,Transporter,9530
Volkswagen,Transporter Shuttle,9531
Volkswagen,Transporter Sportline,9532
Volkswagen,up!,9533
Volkswagen,Vento,9534
Volkswagen,XL1,9535
Volkswagen,E-Golf,9536
Volkswagen,T-Cross,9537
Volvo,C30,961
Volvo,C70,962
Volvo,S40,963
Volvo,S60,964
Volvo,S80,965
Volvo,S90,966
Volvo,V40,967
Volvo,V40 Cross Country,968
Volvo,V50,969
Volvo,V60,9610
Volvo,V60 Cross Country,9611
Volvo,V70,9612
Volvo,V70 Cross Country,9613
Volvo,V90,9614
Volvo,V90 Cross Country,9615
Volvo,XC60,9616
Volvo,XC70,9617
Volvo,XC90,9618
Volvo,S70,9619
Volvo,XC40,9620
Westfield,Sport,971
Westfield,XI,972
Yamaha,Yxz 1000r,981
Zenos,E10,991
Acura,TL,1001
Alpine,A110,1011
